store_id,total_rentals,avg_rental_duration,month
1,558,4 days 19:57:43.44086,2005-05
1,1163,4 days 24:23:17.953569,2005-06
1,3342,4 days 23:26:55.098744,2005-07
1,2892,4 days 26:07:16.099585,2005-08
2,598,4 days 23:10:24.481605,2005-05
2,1148,4 days 25:53:56.759582,2005-06
2,3367,4 days 25:31:15.948916,2005-07
2,2794,4 days 24:07:24.403867,2005-08
